conversation_id_str,created_at,favorite_count,full_text,id_str,image_url,in_reply_to_screen_name,lang,location,quote_count,reply_count,retweet_count,tweet_url,user_id_str,username,clean_text
1992852397308477817,Mon Nov 24 07:06:53 +0000 2025,0,Cara Memasak 1.Sangrai bumbu rempah sampai matang 2.Didihkan air lalu masukkan bumbu sangrai dan daging ayam tambahkan bumbu cemplung dan bumbu mi burung dara 3.Masak sampai daging ayam matang lalu tiriskan kemudian potong - potong memanjang,1992852403851587805,,MiBurungDaraID,in,,0,1,0,https://x.com/undefined/status/1992852403851587805,761117945862852608,,cara memasak sangrai bumbu rempah sampai matang didihkan air lalu masukkan bumbu sangrai dan daging ayam tambahkan bumbu cemplung dan bumbu mi burung dara masak sampai daging ayam matang lalu tiriskan kemudian potong potong memanjang
1992850072145682776,Mon Nov 24 06:57:37 +0000 2025,0,Lowongan kerja Terbaru Pemotong Bahan Tas Maxvolum Info Persyaratan dan Cara Melamar klik link dibawah ini https://t.co/hVLrNSycwV,1992850072145682776,,,in,,0,0,0,https://x.com/undefined/status/1992850072145682776,375425873,,lowongan kerja terbaru pemotong bahan tas maxvolum info persyaratan dan cara melamar klik link dibawah ini
1992844578437898430,Mon Nov 24 06:45:34 +0000 2025,0,@Megasoess @LilyIfeta Soang (angsa) enak dimasak jadi rica-rica atau panggang. Cara sederhana: ungkep dulu dengan jahe bawang dan garam biar empuk &amp; hilang bau. Lalu tumis bumbu rica (cabe bawang serai) atau panggang di oven 180°C selama 1-2 jam. Sajikan dengan sambal!,1992847042281087441,,Megasoess,in,,0,0,0,https://x.com/undefined/status/1992847042281087441,1720665183188922368,,soang angsa enak dimasak jadi rica rica atau panggang cara sederhana ungkep dulu dengan jahe bawang dan garam biar empuk amp hilang bau lalu tumis bumbu rica cabe bawang serai atau panggang di oven c selama jam sajikan dengan sambal
1992828023763091805,Mon Nov 24 05:30:00 +0000 2025,0,Makanan yang kita konsumsi berdampak langsung ke tubuh kita. Bukan hanya dari bahan makanan tapi juga cara mengolahnya. Yuk jadi lebih #SadarRisiko dalam memilih pengolahan makanan. Baca selengkapnya di artikel ini: https://t.co/ZyjUFXk2kp,1992828023763091805,,,in,,0,0,0,https://x.com/undefined/status/1992828023763091805,1423878397898362885,,makanan yang kita konsumsi berdampak langsung ke tubuh kita bukan hanya dari bahan makanan tapi juga cara mengolahnya yuk jadi lebih sadarrisiko dalam memilih pengolahan makanan baca selengkapnya di artikel ini
1992820811913421063,Mon Nov 24 05:01:21 +0000 2025,0,maklum udah era bocah chatgpt jadi kalo gatau jenis bahan A diapain cara bersihinnya lgsg ke chatgpt di era kita nanya emak mak ini diapain? emak adl google berjalan beda sm bapak barang dimana aja dia gatau ini justru nyindir bapak yg taunya cuma urusan nyari duit.,1992820811913421063,,,in,,0,1,0,https://x.com/undefined/status/1992820811913421063,829617533237866501,,maklum udah era bocah chatgpt jadi kalo gatau jenis bahan a diapain cara bersihinnya lgsg ke chatgpt di era kita nanya emak mak ini diapain emak adl google berjalan beda sm bapak barang dimana aja dia gatau ini justru nyindir bapak yg taunya cuma urusan nyari duit
1957141375230632129,Mon Nov 24 03:22:37 +0000 2025,0,@rahadianbintang @ribzoftiktok Resep Roasted Tomato Burrata Dip: Bahan: - 500g tomat ceri - 4 siung bawang putih cincang - Daun basil &amp; parsley segar cincang - Minyak zaitun - Keju burrata 1 bola - Keju parmesan parut - Garam merica - Baguette untuk crostini Cara: 1. Panaskan oven 200°C. 2. Taruh tomat di,1992795965892505628,,rahadianbintang,in,,0,0,0,https://x.com/undefined/status/1992795965892505628,1720665183188922368,,resep roasted tomato burrata dip bahan g tomat ceri siung bawang putih cincang daun basil amp parsley segar cincang minyak zaitun keju burrata bola keju parmesan parut garam merica baguette untuk crostini cara panaskan oven c taruh tomat di
1992443388659216475,Mon Nov 24 03:06:37 +0000 2025,0,@rahadianbintang @Ndayizeyetheon6 Ini resep crème caramel (flan karamel) sederhana untuk 4 porsi: Bahan: - 1/2 cup gula (untuk karamel) - 2 cup susu - 4 telur - 1/2 cup gula - 1 sdt vanila Cara: 1. Panaskan 1/2 cup gula hingga jadi karamel tuang ke cetakan. 2. Kocok telur + gula + vanila tambah susu hangat ,1992791938307858660,,rahadianbintang,in,,0,0,0,https://x.com/undefined/status/1992791938307858660,1720665183188922368,,ini resep cr me caramel flan karamel sederhana untuk porsi bahan cup gula untuk karamel cup susu telur cup gula sdt vanila cara panaskan cup gula hingga jadi karamel tuang ke cetakan kocok telur gula vanila tambah susu hangat
1992788855469281464,Mon Nov 24 02:54:22 +0000 2025,0,Mengesampingkan rasa jijik (yg sebenernya gue rasain) Makan Ballut tuh kayak minim empati banget menurut gue. Itu janin hidup di dlm telur terus dibunuh dg cara direbus dengan berbagai macam bumbu terus lu liat jari2nya bulu2 halusnya dan kepalanya yg masih rapuh itu.,1992788855469281464,,,in,,0,1,0,https://x.com/undefined/status/1992788855469281464,1433012428162289665,,mengesampingkan rasa jijik yg sebenernya gue rasain makan ballut tuh kayak minim empati banget menurut gue itu janin hidup di dlm telur terus dibunuh dg cara direbus dengan berbagai macam bumbu terus lu liat jari nya bulu halusnya dan kepalanya yg masih rapuh itu
1992788720777306516,Mon Nov 24 02:53:49 +0000 2025,0,Ada yang butuh bahan konten buat affiliate? Bayar 4K-an aja udah dapat 6.000+ konten siap upload + link Jadi ga perlu ribet bikin video! Cek sini https://t.co/oF7Oy6AmKL bisa payment QRIS t. cara tips info loker freelance wfh Shopee Lazada Tiktok bank kumpulan #zonauang https://t.co/BpchDnc2lG,1992788720777306516,https://pbs.twimg.com/media/G6fOx1DWYAAjPeV.jpg,,in,,0,1,0,https://x.com/undefined/status/1992788720777306516,4700649020,,ada yang butuh bahan konten buat affiliate bayar k an aja udah dapat konten siap upload link jadi ga perlu ribet bikin video cek sini bisa payment qris t cara tips info loker freelance wfh shopee lazada tiktok bank kumpulan zonauang
1992774171940778357,Mon Nov 24 01:57:19 +0000 2025,0,Cara membuat Sambal Pecak: 1. Haluskan kencur tuang semua bahan sambal. 2. Ulek kasar semua bahan sambal. 3. Beri sedikit minyak panas pada bahan dan aduk rata. 4. Tata ayam kukus di atas piring tuang sambal pecak di atasnya.,1992774498861645844,,dapurkobe,in,,0,1,0,https://x.com/undefined/status/1992774498861645844,179834629,,cara membuat sambal pecak haluskan kencur tuang semua bahan sambal ulek kasar semua bahan sambal beri sedikit minyak panas pada bahan dan aduk rata tata ayam kukus di atas piring tuang sambal pecak di atasnya
1992774171940778357,Mon Nov 24 01:56:55 +0000 2025,0,Cara membuat Ayam Kukus: 1. Kukus ayam dengan semua bumbu dan 1 sendok makan Selera Saus Tiram hingga matang.,1992774398303174958,,dapurkobe,in,,0,1,0,https://x.com/undefined/status/1992774398303174958,179834629,,cara membuat ayam kukus kukus ayam dengan semua bumbu dan sendok makan selera saus tiram hingga matang
1971889971687833852,Mon Nov 24 00:56:53 +0000 2025,0,@rahadianbintang @Upworkout Ini resep camilan dari video itu: Bahan: - Nasi (sebowl sekitar 200g) - Apel (1-2 buah potong) - Tepung 200g - Telur 3 butir - Ragi 5g - Irisan labu (atau biji labu) - Cranberry kering - Air secukupnya Cara: 1. Blender nasi apel tepung telur ragi selama 2 menit jadi,1992759292987048216,,rahadianbintang,in,,0,0,0,https://x.com/undefined/status/1992759292987048216,1720665183188922368,,ini resep camilan dari video itu bahan nasi sebowl sekitar g apel buah potong tepung g telur butir ragi g irisan labu atau biji labu cranberry kering air secukupnya cara blender nasi apel tepung telur ragi selama menit jadi
1992606120490475736,Mon Nov 24 00:35:15 +0000 2025,3,@BangPino__ Wah Termul punya video bahan nich... Buat Termul apapun baik termasuk menghalalkan segala cara.. Berusaha blow up si Gbrn yg konon ijazah SMA Aja gk ada..,1992753848830804291,,BangPino__,in,,0,0,0,https://x.com/undefined/status/1992753848830804291,304870819,,wah termul punya video bahan nich buat termul apapun baik termasuk menghalalkan segala cara berusaha blow up si gbrn yg konon ijazah sma aja gk ada
1992753459825905731,Mon Nov 24 00:33:43 +0000 2025,0,Mereka cuma basa-basi mau kasih Pekerjaan &amp; Project padahal cuma bahan topik pembicaraan aja. Gw juga ikutin aja permainan mereka mau sampai dimana sih mereka main-main dan berbohong tanpa realisasi. LAGU LAMA KASET KUSUT MEMANG BEGITU CARA MAIN DENGAN ORANG SPRT MEREKA !,1992753459825905731,,,in,,0,0,0,https://x.com/undefined/status/1992753459825905731,1400654890263748612,,mereka cuma basa basi mau kasih pekerjaan amp project padahal cuma bahan topik pembicaraan aja gw juga ikutin aja permainan mereka mau sampai dimana sih mereka main main dan berbohong tanpa realisasi lagu lama kaset kusut memang begitu cara main dengan orang sprt mereka
1992542051423166676,Sun Nov 23 22:40:40 +0000 2025,0,@_aroem_manies_ Seorang pemasak yang ulet.bukan terlihat dari cara potongan bahan masakan https://t.co/de53PSJOIo bagaimana cara memperlakukan Masakan itu dengan hati nya ,1992725011174760767,,_aroem_manies_,in,,0,0,0,https://x.com/undefined/status/1992725011174760767,1873296405516967936,,seorang pemasak yang ulet bukan terlihat dari cara potongan bahan masakan bagaimana cara memperlakukan masakan itu dengan hati nya
1992638858371174815,Sun Nov 23 18:02:01 +0000 2025,0,@thejurgenholic Resep cara menang gen,1992654885318521103,,thejurgenholic,in,,0,0,0,https://x.com/undefined/status/1992654885318521103,972071544011726850,,resep cara menang gen
1992638858371174815,Sun Nov 23 17:08:27 +0000 2025,0,@thejurgenholic Resep cara agar Liverpool menang gen,1992641408285770120,,thejurgenholic,in,,0,0,0,https://x.com/undefined/status/1992641408285770120,1558500996623437824,,resep cara agar liverpool menang gen
1992638858371174815,Sun Nov 23 17:03:38 +0000 2025,3,@cubar5i @thejurgenholic resep kekalahan liverpool versi 2025: bahan wajib: - 1 sendok teh kami juara musim lalu - 500gr arne slot yang bingung bola apa itu - secukupnya long ball ke kotak 6 yard (udah terbukti ampuh vs brentford) cara masak: 1. kasih lead 2-0/3-1 dulu biar overconfident 2. tunggu 70,1992640194030473248,,cubar5i,in,,0,0,2,https://x.com/undefined/status/1992640194030473248,1909390269533011968,,resep kekalahan liverpool versi bahan wajib sendok teh kami juara musim lalu gr arne slot yang bingung bola apa itu secukupnya long ball ke kotak yard udah terbukti ampuh vs brentford cara masak kasih lead dulu biar overconfident tunggu
1992633789093380428,Sun Nov 23 16:38:11 +0000 2025,0,semua pafda cari loker tapi gada yang bahas ya setoxic apa lingkungan kerja di indo jangankan atasan rekan kerja aja dari cara negurnya udh si paling senior belum lagi masalah pribadi dibicarain dibelakang buat bahan gosip sambil makan siang,1992633789093380428,,,in,,0,0,0,https://x.com/undefined/status/1992633789093380428,1887950232769748992,,semua pafda cari loker tapi gada yang bahas ya setoxic apa lingkungan kerja di indo jangankan atasan rekan kerja aja dari cara negurnya udh si paling senior belum lagi masalah pribadi dibicarain dibelakang buat bahan gosip sambil makan siang
1992619222514766143,Sun Nov 23 15:42:11 +0000 2025,0,Cara buat percaya diri ya kita harus nerima diri ini apa adanya mau dr kelebihan dan kekurangan terutama kekurangan justru dengan kekurangan itu bisa jadi bahan evaluasi di diri kita itu apa ya kan. Sama cintai diri sendiri percayalah kalo kita udh pede aura kita terpancar 1000×,1992619698215952400,,sweetbrownice,in,,0,0,0,https://x.com/undefined/status/1992619698215952400,1160033195212959744,,cara buat percaya diri ya kita harus nerima diri ini apa adanya mau dr kelebihan dan kekurangan terutama kekurangan justru dengan kekurangan itu bisa jadi bahan evaluasi di diri kita itu apa ya kan sama cintai diri sendiri percayalah kalo kita udh pede aura kita terpancar
1992555335614361774,Sun Nov 23 14:26:54 +0000 2025,0,@Rainbow3031 Apalagi ini ulah haters aduh kehabisan bahan segala cara digunain lama2 hpnya ada yg sma dengan cewek lain juga disandingin tuh.haduh ngeliat haters keliatan bodohnya poating apa2 nggak pake otak tuh,1992600752494383287,,Rainbow3031,in,,0,0,0,https://x.com/undefined/status/1992600752494383287,818346599273242624,,apalagi ini ulah haters aduh kehabisan bahan segala cara digunain lama hpnya ada yg sma dengan cewek lain juga disandingin tuh haduh ngeliat haters keliatan bodohnya poating apa nggak pake otak tuh
1992587666597241309,Sun Nov 23 13:34:54 +0000 2025,0, emang gak bosen makan ayam terus? gimana cara bosennya kan kreasinya beragam ya. ayam bakar ayam goreng ayam geprek ayam suwir balado ayam laos ayam krispi ayam kecap ayam bumbu merah ayam krispi berbumbu pedas. ya asal gak ayam kampus aje gue makan,1992587666597241309,,,in,,0,0,0,https://x.com/undefined/status/1992587666597241309,1789625703773986816,,emang gak bosen makan ayam terus gimana cara bosennya kan kreasinya beragam ya ayam bakar ayam goreng ayam geprek ayam suwir balado ayam laos ayam krispi ayam kecap ayam bumbu merah ayam krispi berbumbu pedas ya asal gak ayam kampus aje gue makan
1992586988118262110,Sun Nov 23 13:32:13 +0000 2025,0,Kalau Indonesia mau masuk jajaran negara maju kita harus berani ubah cara main: dari jualan bahan mentah → jadi negara inovasi. Buku ini jadi titik tolaknya. #BukuIndonesiaNaikKelas,1992586988118262110,,,in,,0,0,0,https://x.com/undefined/status/1992586988118262110,1845470395182501888,,kalau indonesia mau masuk jajaran negara maju kita harus berani ubah cara main dari jualan bahan mentah jadi negara inovasi buku ini jadi titik tolaknya bukuindonesianaikkelas
1992581534231232806,Sun Nov 23 13:10:32 +0000 2025,0,suka banget cara buku ini jelasin isu besar ekonomi jadi sederhana tapi tetap dalem. bener-bener bahan renungan #BukuIndonesiaNaikKelas,1992581534231232806,,,in,,0,0,0,https://x.com/undefined/status/1992581534231232806,1741235295029481472,,suka banget cara buku ini jelasin isu besar ekonomi jadi sederhana tapi tetap dalem bener bener bahan renungan bukuindonesianaikkelas
1992512930576019553,Sun Nov 23 11:01:53 +0000 2025,0,@lilyvanilee ya compare jg lah neng dgn harga bahan makan di jepang compare jg dgn cara kerja nya org jepang compare jg dgn bpk bpk warga bandung yg tiap hbs gajian lgsg top up utk judol,1992549157383602481,,lilyvanilee,in,,2,1,0,https://x.com/undefined/status/1992549157383602481,1748278545909170176,,ya compare jg lah neng dgn harga bahan makan di jepang compare jg dgn cara kerja nya org jepang compare jg dgn bpk bpk warga bandung yg tiap hbs gajian lgsg top up utk judol
1992547734486671440,Sun Nov 23 10:56:14 +0000 2025,0,indonesia perlu berhenti jual bahan mentah dan mulai fokus bikin produk bernilai tinggi. itu cara paling nyata buat maju #BukuIndonesiaNaikKelas https://t.co/slhGjYVoWO,1992547734486671440,,,in,,0,0,0,https://x.com/undefined/status/1992547734486671440,1821442104503218176,,indonesia perlu berhenti jual bahan mentah dan mulai fokus bikin produk bernilai tinggi itu cara paling nyata buat maju bukuindonesianaikkelas
1992545518145208730,Sun Nov 23 10:47:25 +0000 2025,0,Ramadhan sebentar lagiii salah satu cara gua biar makin semangat ibadahnya ya pake mukena yang nyaman dan enakeun salah satunya pake yg bahan silk karena ga berat dan dinginn https://t.co/4J003ecUq7,1992545518145208730,https://pbs.twimg.com/media/G6bxlaEa4AAKdFz.jpg,,in,,0,1,0,https://x.com/undefined/status/1992545518145208730,1897914534230474753,,ramadhan sebentar lagiii salah satu cara gua biar makin semangat ibadahnya ya pake mukena yang nyaman dan enakeun salah satunya pake yg bahan silk karena ga berat dan dinginn
1992544695000424503,Sun Nov 23 10:44:09 +0000 2025,19,ilmu minum agar mabuk dr admin jeruk: bahan: 1 botol tequila 1 vape one push rasa sakura 1 kapur barus haluskan cara membuat: 1. roll atas gelas di kapur barus 2. kocok 3 semprot vape dgn segelas tequila (ikuti kata hati) 3. tuang ke gelas 4. sajikan dengan potongan pepaya https://t.co/ComPUbxxKa,1992544695000424503,https://pbs.twimg.com/media/G6bw1nZbYAEFsq3.jpg,,in,,2,2,1,https://x.com/undefined/status/1992544695000424503,1955688252595486720,,ilmu minum agar mabuk dr admin jeruk bahan botol tequila vape one push rasa sakura kapur barus haluskan cara membuat roll atas gelas di kapur barus kocok semprot vape dgn segelas tequila ikuti kata hati tuang ke gelas sajikan dengan potongan pepaya
1992050200140222767,Sun Nov 23 10:21:13 +0000 2025,0,@idris_indrawan @qrivasi Tekwan aku frozen include bumbu ya kaa cara rebusnya gampang kokkk. Iyesss aku ready pempek krispi juga yaa.,1992538923697103255,,idris_indrawan,in,,0,0,0,https://x.com/undefined/status/1992538923697103255,63392148,,tekwan aku frozen include bumbu ya kaa cara rebusnya gampang kokkk iyesss aku ready pempek krispi juga yaa
1992535761724621175,Sun Nov 23 10:08:39 +0000 2025,0,Jelas buku ini ngasih insight keren tentang gimana cara kita berhenti jadi pengekspor bahan mentah! Ini baru TokohKeteladanan pemikiran! Bikin semangat banget! #BukuIndonesiaNaikKelas,1992535761724621175,,,in,,0,0,0,https://x.com/undefined/status/1992535761724621175,1820981317120790528,,jelas buku ini ngasih insight keren tentang gimana cara kita berhenti jadi pengekspor bahan mentah ini baru tokohketeladanan pemikiran bikin semangat banget bukuindonesianaikkelas
1992534841385251181,Sun Nov 23 10:05:00 +0000 2025,5,Lantai kayu menjadi pilihan populer di Indonesia. Temukan tips memilih lantai kayu yang tepat dari bahan hingga pola pemasangan untuk rumah yang lebih hangat. Via: detikproperti https://t.co/16tKomjIS4,1992534841385251181,,,in,,0,1,0,https://x.com/undefined/status/1992534841385251181,69183155,,lantai kayu menjadi pilihan populer di indonesia temukan tips memilih lantai kayu yang tepat dari bahan hingga pola pemasangan untuk rumah yang lebih hangat via detikproperti
1992530954188144766,Sun Nov 23 09:49:33 +0000 2025,0,Cara Ampuh Usir Tikus dari Rumah dengan 4 Bahan Alami https://t.co/DKVHrLqxce,1992530954188144766,,,in,,0,0,0,https://x.com/undefined/status/1992530954188144766,1318859059781455873,,cara ampuh usir tikus dari rumah dengan bahan alami
1992519736136245273,Sun Nov 23 09:20:52 +0000 2025,0,@solmaggiore_ orang genuinely harus belajar cara diplomasi deh tinggal maaf ya akan kami jadikan bahan evaluasi KAN UDAH....,1992523737502265814,,solmaggiore_,in,,0,1,0,https://x.com/undefined/status/1992523737502265814,1068932597202399232,,orang genuinely harus belajar cara diplomasi deh tinggal maaf ya akan kami jadikan bahan evaluasi kan udah
1992504070121374169,Sun Nov 23 08:02:43 +0000 2025,21,Nyie iteung bikin m'pleng (Tamblag) kue jadul gampang dibuat bahan bakunya cukup Terigu yg dicampur parutan kelapa gula merah garem Cara membuat: campurin semua bahan hingga menjadi adonan Panggang mengunakan kowali di ats api sedang.. Selamat mencoba https://t.co/MvIC1I4vLp,1992504070121374169,https://pbs.twimg.com/media/G6bL4-maEAACliq.jpg,,in,,0,4,0,https://x.com/undefined/status/1992504070121374169,1414330411270901760,,nyie iteung bikin m pleng tamblag kue jadul gampang dibuat bahan bakunya cukup terigu yg dicampur parutan kelapa gula merah garem cara membuat campurin semua bahan hingga menjadi adonan panggang mengunakan kowali di ats api sedang selamat mencoba
1992500503952216191,Sun Nov 23 07:48:57 +0000 2025,0,25. Resep Mie Rebus Telur Bahan: mie telur bawang daun. Cara: rebus mie → tambahkan telur → bumbui. #MeAndTheeSeriesEP2,1992500604678385985,,youncereal,in,,0,0,0,https://x.com/undefined/status/1992500604678385985,1170725976692518913,,resep mie rebus telur bahan mie telur bawang daun cara rebus mie tambahkan telur bumbui meandtheeseriesep
1992500503952216191,Sun Nov 23 07:48:56 +0000 2025,0,24. Resep Ikan Kuah Kuning Bahan: ikan kunyit jahe bawang putih. Cara: rebus bumbu → masukkan ikan → masak hingga matang. #MeAndTheeSeriesEP2,1992500600911835168,,youncereal,in,,0,1,0,https://x.com/undefined/status/1992500600911835168,1170725976692518913,,resep ikan kuah kuning bahan ikan kunyit jahe bawang putih cara rebus bumbu masukkan ikan masak hingga matang meandtheeseriesep
1992500503952216191,Sun Nov 23 07:48:55 +0000 2025,0,23. Resep Orak-Arik Telur Bahan: telur kol wortel bawang. Cara: tumis sayur → masukkan telur → orak-arik. #MeAndTheeSeriesEP2,1992500597262790686,,youncereal,in,,0,1,0,https://x.com/undefined/status/1992500597262790686,1170725976692518913,,resep orak arik telur bahan telur kol wortel bawang cara tumis sayur masukkan telur orak arik meandtheeseriesep
1992500503952216191,Sun Nov 23 07:48:55 +0000 2025,0,22. Resep Kentang Balado Bahan: kentang goreng cabai bawang putih. Cara: tumis sambal → masukkan kentang. #MeAndTheeSeriesEP2,1992500593869705615,,youncereal,in,,0,1,0,https://x.com/undefined/status/1992500593869705615,1170725976692518913,,resep kentang balado bahan kentang goreng cabai bawang putih cara tumis sambal masukkan kentang meandtheeseriesep
1992500503952216191,Sun Nov 23 07:48:54 +0000 2025,0,21. Resep Ayam Rica-Rica Bahan: ayam cabai bawang merah serai. Cara: tumis bumbu → masukkan ayam → masak hingga meresap. #MeAndTheeSeriesEP2,1992500590212207085,,youncereal,in,,0,1,0,https://x.com/undefined/status/1992500590212207085,1170725976692518913,,resep ayam rica rica bahan ayam cabai bawang merah serai cara tumis bumbu masukkan ayam masak hingga meresap meandtheeseriesep
1992500503952216191,Sun Nov 23 07:48:53 +0000 2025,0,20. Resep Tumis Kangkung Bahan: kangkung bawang putih terasi opsional. Cara: tumis bawang → masukkan kangkung → bumbui. #MeAndTheeSeriesEP2,1992500585799811500,,youncereal,in,,0,1,0,https://x.com/undefined/status/1992500585799811500,1170725976692518913,,resep tumis kangkung bahan kangkung bawang putih terasi opsional cara tumis bawang masukkan kangkung bumbui meandtheeseriesep
1992500503952216191,Sun Nov 23 07:48:52 +0000 2025,0,19. Resep Telur Ceplok Kecap Bahan: telur kecap bawang. Cara: ceplok telur → siram tumisan bawang + kecap. #MeAndTheeSeriesEP2,1992500581907493248,,youncereal,in,,0,1,0,https://x.com/undefined/status/1992500581907493248,1170725976692518913,,resep telur ceplok kecap bahan telur kecap bawang cara ceplok telur siram tumisan bawang kecap meandtheeseriesep
1992500503952216191,Sun Nov 23 07:48:51 +0000 2025,0,18. Resep Pasta Carbonara Simple Bahan: pasta susu keju bawang putih. Cara: tumis bawang → masukkan susu &amp; keju → campurkan pasta. #MeAndTheeSeriesEP2,1992500578132635765,,youncereal,in,,0,1,0,https://x.com/undefined/status/1992500578132635765,1170725976692518913,,resep pasta carbonara simple bahan pasta susu keju bawang putih cara tumis bawang masukkan susu amp keju campurkan pasta meandtheeseriesep
1992500503952216191,Sun Nov 23 07:48:50 +0000 2025,0,17. Resep Sayur Sop Ayam Bahan: ayam wortel kentang daun bawang. Cara: rebus ayam → masukkan sayur → bumbui. #MeAndTheeSeriesEP2,1992500574315843909,,youncereal,in,,0,1,0,https://x.com/undefined/status/1992500574315843909,1170725976692518913,,resep sayur sop ayam bahan ayam wortel kentang daun bawang cara rebus ayam masukkan sayur bumbui meandtheeseriesep
1992500503952216191,Sun Nov 23 07:48:49 +0000 2025,0,16. Resep Tahu Kecap Bahan: tahu kecap bawang merah. Cara: goreng tahu → tumis bawang → kecap → campurkan. #MeAndTheeSeriesEP2,1992500570868043939,,youncereal,in,,0,1,0,https://x.com/undefined/status/1992500570868043939,1170725976692518913,,resep tahu kecap bahan tahu kecap bawang merah cara goreng tahu tumis bawang kecap campurkan meandtheeseriesep
1992500503952216191,Sun Nov 23 07:48:48 +0000 2025,0,15. Resep Ayam Geprek Bahan: ayam goreng tepung sambal bawang. Cara: ulek sambal → geprek ayam di atasnya. #MeAndTheeSeriesEP2,1992500567051227181,,youncereal,in,,0,1,0,https://x.com/undefined/status/1992500567051227181,1170725976692518913,,resep ayam geprek bahan ayam goreng tepung sambal bawang cara ulek sambal geprek ayam di atasnya meandtheeseriesep
1992500503952216191,Sun Nov 23 07:48:47 +0000 2025,0,14. Resep Capcay Simple Bahan: kembang kol wortel sawi bawang putih. Cara: tumis bawang → masukkan sayur → tambahkan sedikit air. #MeAndTheeSeriesEP2,1992500562991202326,,youncereal,in,,0,1,0,https://x.com/undefined/status/1992500562991202326,1170725976692518913,,resep capcay simple bahan kembang kol wortel sawi bawang putih cara tumis bawang masukkan sayur tambahkan sedikit air meandtheeseriesep
1992500503952216191,Sun Nov 23 07:48:46 +0000 2025,0,13. Resep Sarden Pedas Bahan: sarden kaleng bawang merah cabai. Cara: tumis bumbu → masukkan sarden → masak sebentar. #MeAndTheeSeriesEP2,1992500558528434292,,youncereal,in,,0,1,0,https://x.com/undefined/status/1992500558528434292,1170725976692518913,,resep sarden pedas bahan sarden kaleng bawang merah cabai cara tumis bumbu masukkan sarden masak sebentar meandtheeseriesep
1992500503952216191,Sun Nov 23 07:48:45 +0000 2025,0,12. Resep Ikan Goreng Kunyit Bahan: ikan kunyit bawang putih garam. Cara: lumuri bumbu → goreng. #MeAndTheeSeriesEP2,1992500553646231922,,youncereal,in,,0,1,0,https://x.com/undefined/status/1992500553646231922,1170725976692518913,,resep ikan goreng kunyit bahan ikan kunyit bawang putih garam cara lumuri bumbu goreng meandtheeseriesep
1992500503952216191,Sun Nov 23 07:48:44 +0000 2025,0,11. Resep Telur Balado Bahan: telur rebus cabai bawang merah bawang putih. Cara: haluskan bumbu → tumis → masukkan telur. #MeAndTheeSeriesEP2,1992500549821112825,,youncereal,in,,0,1,0,https://x.com/undefined/status/1992500549821112825,1170725976692518913,,resep telur balado bahan telur rebus cabai bawang merah bawang putih cara haluskan bumbu tumis masukkan telur meandtheeseriesep
1992500503952216191,Sun Nov 23 07:48:43 +0000 2025,0,10. Resep Tumis Jamur Bahan: jamur tiram bawang putih cabai. Cara: tumis bumbu → masukkan jamur → bumbui. #MeAndTheeSeriesEP2,1992500546461454770,,youncereal,in,,0,1,0,https://x.com/undefined/status/1992500546461454770,1170725976692518913,,resep tumis jamur bahan jamur tiram bawang putih cabai cara tumis bumbu masukkan jamur bumbui meandtheeseriesep
1992500503952216191,Sun Nov 23 07:48:42 +0000 2025,0,9. Resep Ayam Bakar Madu Bahan: ayam madu kecap bawang putih. Cara: marinasi → oven/panggang hingga kecoklatan. #MeAndTheeSeriesEP2,1992500542950797757,,youncereal,in,,0,1,0,https://x.com/undefined/status/1992500542950797757,1170725976692518913,,resep ayam bakar madu bahan ayam madu kecap bawang putih cara marinasi oven panggang hingga kecoklatan meandtheeseriesep
1992500503952216191,Sun Nov 23 07:48:41 +0000 2025,0,8. Resep Sayur Bayam Bahan: bayam jagung bawang merah. Cara: rebus air → masukkan bahan → bumbui → masak sebentar. #MeAndTheeSeriesEP2,1992500538194403697,,youncereal,in,,0,1,0,https://x.com/undefined/status/1992500538194403697,1170725976692518913,,resep sayur bayam bahan bayam jagung bawang merah cara rebus air masukkan bahan bumbui masak sebentar meandtheeseriesep
1992500503952216191,Sun Nov 23 07:48:40 +0000 2025,0,7. Resep Tahu Cabe Garam Bahan: tahu bawang putih cabai garam. Cara: goreng tahu → tumis bawang &amp; cabai → aduk dengan tahu. #MeAndTheeSeriesEP2,1992500531131269382,,youncereal,in,,0,1,0,https://x.com/undefined/status/1992500531131269382,1170725976692518913,,resep tahu cabe garam bahan tahu bawang putih cabai garam cara goreng tahu tumis bawang amp cabai aduk dengan tahu meandtheeseriesep
1992500503952216191,Sun Nov 23 07:48:39 +0000 2025,0,6. Resep Ayam Saus Tiram Bahan: ayam saus tiram bawang putih cabai. Cara: tumis bawang → masukkan ayam → beri saus tiram → masak hingga kental. #MeAndTheeSeriesEP2,1992500526714589187,,youncereal,in,,0,1,0,https://x.com/undefined/status/1992500526714589187,1170725976692518913,,resep ayam saus tiram bahan ayam saus tiram bawang putih cabai cara tumis bawang masukkan ayam beri saus tiram masak hingga kental meandtheeseriesep
1992500503952216191,Sun Nov 23 07:48:38 +0000 2025,0,5. Resep Nasi Goreng Simple Bahan: nasi telur kecap bawang putih. Cara: tumis bawang → masukkan telur → tambahkan nasi → kecap → aduk rata. #MeAndTheeSeriesEP2,1992500522881036359,,youncereal,in,,0,1,0,https://x.com/undefined/status/1992500522881036359,1170725976692518913,,resep nasi goreng simple bahan nasi telur kecap bawang putih cara tumis bawang masukkan telur tambahkan nasi kecap aduk rata meandtheeseriesep
1992500503952216191,Sun Nov 23 07:48:37 +0000 2025,0,4. Resep Sup Jagung Bahan: jagung manis ayam suwir telur bawang daun. Cara: rebus kuah → masukkan jagung &amp; ayam → masukkan telur kocok → bumbui. #MeAndTheeSeriesEP2,1992500518921625891,,youncereal,in,,0,1,0,https://x.com/undefined/status/1992500518921625891,1170725976692518913,,resep sup jagung bahan jagung manis ayam suwir telur bawang daun cara rebus kuah masukkan jagung amp ayam masukkan telur kocok bumbui meandtheeseriesep
1992500503952216191,Sun Nov 23 07:48:35 +0000 2025,0,3. Resep Omelet Sayur Bahan: telur daun bawang wortel cincang garam. Cara: kocok telur + sayur → goreng kedua sisi. #MeAndTheeSeriesEP2,1992500512193990955,,youncereal,in,,0,1,0,https://x.com/undefined/status/1992500512193990955,1170725976692518913,,resep omelet sayur bahan telur daun bawang wortel cincang garam cara kocok telur sayur goreng kedua sisi meandtheeseriesep
1992500503952216191,Sun Nov 23 07:48:34 +0000 2025,0,2. Resep Ayam Kecap Bahan: ayam kecap manis bawang merah bawang putih lada. Cara: tumis bumbu → masukkan ayam → tambahkan kecap → masak hingga meresap. #MeAndTheeSeriesEP2,1992500507676664134,,youncereal,in,,0,1,0,https://x.com/undefined/status/1992500507676664134,1170725976692518913,,resep ayam kecap bahan ayam kecap manis bawang merah bawang putih lada cara tumis bumbu masukkan ayam tambahkan kecap masak hingga meresap meandtheeseriesep
1992500503952216191,Sun Nov 23 07:48:33 +0000 2025,1,1. Resep Tumis Buncis Wortel Bahan: buncis wortel bawang putih garam merica. Cara: tumis bawang → masukkan sayur → bumbui → masak hingga matang. #MeAndTheeSeriesEP2,1992500503952216191,,,in,,0,1,1,https://x.com/undefined/status/1992500503952216191,1170725976692518913,,resep tumis buncis wortel bahan buncis wortel bawang putih garam merica cara tumis bawang masukkan sayur bumbui masak hingga matang meandtheeseriesep
1992499717759221848,Sun Nov 23 07:45:26 +0000 2025,0,kalau indonesia mau lebih kompetitif kita harus ubah cara kerja: dari ekspor bahan mentah jadi ekspor teknologi dan produk bernilai tambah. arah besarnya udah dijelasin jelas dalam buku ini #BukuIndonesiaNaikKelas,1992499717759221848,,,in,,0,1,0,https://x.com/undefined/status/1992499717759221848,1904839461684600832,,kalau indonesia mau lebih kompetitif kita harus ubah cara kerja dari ekspor bahan mentah jadi ekspor teknologi dan produk bernilai tambah arah besarnya udah dijelasin jelas dalam buku ini bukuindonesianaikkelas
1992489235417534825,Sun Nov 23 07:03:47 +0000 2025,0,Cara Mengolah Brutu Ayam agar Tidak Amis Beserta Resep Olahannya yang Sedap https://t.co/2D1EmKFtxP,1992489235417534825,,,in,,0,0,0,https://x.com/undefined/status/1992489235417534825,1668147004491587585,,cara mengolah brutu ayam agar tidak amis beserta resep olahannya yang sedap
1992228165461364963,Sun Nov 23 06:54:14 +0000 2025,17,@somexrecom Halus banget cara nolaknya tp menurut sy kalian kaum hawa kalau nolak bilang aja langsung aku gak suka kamu kamu bukan tipeku Emang terdengar sakit tp kalau kalian tiba2 punya pasangan cowok yg kalian tolak gak bakal bikin sindiran/bahan omongan ditongkrongan,1992486835633955174,,somexrecom,in,,1,4,4,https://x.com/undefined/status/1992486835633955174,90099313,,halus banget cara nolaknya tp menurut sy kalian kaum hawa kalau nolak bilang aja langsung aku gak suka kamu kamu bukan tipeku emang terdengar sakit tp kalau kalian tiba punya pasangan cowok yg kalian tolak gak bakal bikin sindiran bahan omongan ditongkrongan
1992470237388968211,Sun Nov 23 06:07:39 +0000 2025,0,@jerukbusukkkk inihhhhhh aku sampe nyari resep cara bikinnyaaa https://t.co/V3l5ivvKdt,1992475111518277976,https://pbs.twimg.com/media/G6axjMybwAAXu9e.jpg,jerukbusukkkk,in,,0,1,0,https://x.com/undefined/status/1992475111518277976,1542821264,,inihhhhhh aku sampe nyari resep cara bikinnyaaa
1940938988262773227,Sun Nov 23 05:17:23 +0000 2025,0,@kakilangitimur @stefyODGJ_syin @ParaDox1830307 @Alie_Fahnoor @MataElang247 @AyaniMel @__anomali__ @BejoP83769 @JLion555 @aesculapiusw @_majusi_ @M4M4D_C41303L @AlanUstad31348 @apostolosyohans @BapakDariAnak2 @Juragann_muda2 @Kinjeng0Ireng @stefy_mrongos @grok @imamDouma @Ruth_Djojoning @ShutPCQ @againstkadroen @TomatTomat44 @humilitylover @Stefany_mrongos @_MadManMo_ @katzennada @Manuk_Emprit76 @Valhallaah @AlanUstad56 @paolnapi @ha818 @catzen_nada @Orza961026 @2332Yo @__SudutPandang @victoragiular @Catze_Nada @FaktaBerita89 @beng_beng_ok @LogikaMistik @Huntmon1 @c0leaid @StefanjingYin Kalo gue tulis sholat Kalian makin sakit hati. Di kasih bumbu dikit lah Begitu cara debat.,1992462462843854882,,kakilangitimur,in,,0,1,0,https://x.com/undefined/status/1992462462843854882,1823908987580157952,,kalo gue tulis sholat kalian makin sakit hati di kasih bumbu dikit lah begitu cara debat
1992458085940576517,Sun Nov 23 05:00:00 +0000 2025,0,Panduan Clean Eating untuk Pemula: Cara Memulai Pola Makan Sehat dan Alami Pola makan clean eating hadir di tengah arus tren diet cepat dan makanan olahan. Clean eating hadir untuk menekankan konsumsi bahan-bahan makanan segar minim proses dan menghindari zat tambahan kimiawi. https://t.co/TdecGqHG1t,1992458085940576517,https://pbs.twimg.com/media/G6ZkBBKaQAIoO2g.jpg,,in,,0,0,0,https://x.com/undefined/status/1992458085940576517,786549338818224128,,panduan clean eating untuk pemula cara memulai pola makan sehat dan alami pola makan clean eating hadir di tengah arus tren diet cepat dan makanan olahan clean eating hadir untuk menekankan konsumsi bahan bahan makanan segar minim proses dan menghindari zat tambahan kimiawi
1992450645270667478,Sun Nov 23 04:40:19 +0000 2025,0,meskipun sering diketawain penjual bumbu atau sayur krn gabisa bedain bumbu dapur atau nanya cara masak sayur but i tried to be the best cooker for him :) aku vc ortuku atau kakaku untuk minta diajarin masak :),1992453131435999395,,aindahsetyawati,in,,0,1,0,https://x.com/undefined/status/1992453131435999395,1204474476,,meskipun sering diketawain penjual bumbu atau sayur krn gabisa bedain bumbu dapur atau nanya cara masak sayur but i tried to be the best cooker for him aku vc ortuku atau kakaku untuk minta diajarin masak
1992450645270667478,Sun Nov 23 04:34:27 +0000 2025,0,aku bener-bener ga tau cara masak tiap masak harus liat tutorial youtube atau tiktok itupun pakai bumbu instan someday for some reasons agar hemat dan bisa nabung im cooking everyday for us (gia dan aku) krn tempat kerja kita deket jadi tiap pagi dia makan masakanku,1992451655452004640,,aindahsetyawati,in,,0,1,0,https://x.com/undefined/status/1992451655452004640,1204474476,,aku bener bener ga tau cara masak tiap masak harus liat tutorial youtube atau tiktok itupun pakai bumbu instan someday for some reasons agar hemat dan bisa nabung im cooking everyday for us gia dan aku krn tempat kerja kita deket jadi tiap pagi dia makan masakanku
1992448432791781631,Sun Nov 23 04:21:38 +0000 2025,49,Resep MOL Mengkudu (Dekomposer Alami) Bahan : Buah mengkudu matang 1 kg Gula merah / molase 300 500 gram Air beras / air kelapa / air matang 3 liter Wadah tertutup (jerigen / botol) Cara membuat : Cuci mengkudu seperlunya saja jangan sampai steril mikroba liar masih penting https://t.co/UhaB2UwJH2,1992448432791781631,https://pbs.twimg.com/media/G6aZShbasAA6D04.jpg,,in,,1,0,16,https://x.com/undefined/status/1992448432791781631,1024964583209951232,,resep mol mengkudu dekomposer alami bahan buah mengkudu matang kg gula merah molase gram air beras air kelapa air matang liter wadah tertutup jerigen botol cara membuat cuci mengkudu seperlunya saja jangan sampai steril mikroba liar masih penting
1992435437089202639,Sun Nov 23 03:30:00 +0000 2025,0,Pelajari cara efektif membersihkan wastafel keramik dan porselin agar tetap mengkilap. Temukan tips menjaga kebersihan dan mencegah noda kuning. Via: detikproperti https://t.co/G0XmkGaQdc,1992435437089202639,,,in,,0,0,0,https://x.com/undefined/status/1992435437089202639,69183155,,pelajari cara efektif membersihkan wastafel keramik dan porselin agar tetap mengkilap temukan tips menjaga kebersihan dan mencegah noda kuning via detikproperti
1991752387321839831,Sun Nov 23 01:37:09 +0000 2025,0,@sabrinaazel Gimana sih pak lha wong petani cuma menyediakan bahan baku/mentah kok disalahkan.... Salahkan pihak yg memproses bahan baku tsb apakah sdh benar cara mempersiapkan meracik mengolah dan lingkungan sanitasi yg sehat. SOP dapur harus benar-benar dilaksanakan dengan ketat ....,1992407037784068545,,sabrinaazel,in,,0,0,0,https://x.com/undefined/status/1992407037784068545,1834208417508212736,,gimana sih pak lha wong petani cuma menyediakan bahan baku mentah kok disalahkan salahkan pihak yg memproses bahan baku tsb apakah sdh benar cara mempersiapkan meracik mengolah dan lingkungan sanitasi yg sehat sop dapur harus benar benar dilaksanakan dengan ketat
1992401272448884843,Sun Nov 23 01:24:40 +0000 2025,0,️️ ️️ Cara membuat nasi goreng: Siapkan nasi Siapkan bawang putih Siapkan daun bawang Siapkan bumbu penyedap Wasaf gw aja nanti gw bikinin ️️ ️️,1992403893985386740,,atmamerta,in,,2,0,1,https://x.com/undefined/status/1992403893985386740,733907440421347330,,cara membuat nasi goreng siapkan nasi siapkan bawang putih siapkan daun bawang siapkan bumbu penyedap wasaf gw aja nanti gw bikinin
1992401882623656293,Sun Nov 23 01:16:40 +0000 2025,0,Gimana si cara makan yg bener biar bisa berselera dan ketemu letak enaknya soto bening? Tiap liat yg kebayang cuma rasa air rebusan ayam plain tanpa bumbu ,1992401882623656293,,,in,,0,0,0,https://x.com/undefined/status/1992401882623656293,87876700,,gimana si cara makan yg bener biar bisa berselera dan ketemu letak enaknya soto bening tiap liat yg kebayang cuma rasa air rebusan ayam plain tanpa bumbu
1981513812990972114,Sun Nov 23 00:40:07 +0000 2025,0,@secondofmoon Apa ini yg bakalan buat Elio marah yah? Krna buat Harva jadi bahan battle. Apa ini juga bakal buat Harva kecewa dan pergi dulu? Tapi yah.. Ku tungguin aja lah. Soalnya baik Alo Lana Elio dan Harva punya alasan dan cara masing2 di sini. Mana Desember akhir masih lama lagi ,1992392682589818946,,secondofmoon,in,,0,0,0,https://x.com/undefined/status/1992392682589818946,986206360613224449,,apa ini yg bakalan buat elio marah yah krna buat harva jadi bahan battle apa ini juga bakal buat harva kecewa dan pergi dulu tapi yah ku tungguin aja lah soalnya baik alo lana elio dan harva punya alasan dan cara masing di sini mana desember akhir masih lama lagi
1992363813702881750,Sat Nov 22 22:49:50 +0000 2025,0,aku si takutnya malah jd boomerang dalam hubungan ya.. ky malah jd bahan berantem terus krn selalu merasa tidak terpenuhi pdhl kan ya gada yg bisa mencintai kita dgn sepenuh cara kita ingin dicintai gmn rasa bersyukurnya aja.. cuma ya balik lagi takut jd boomerang,1992364929371046011,,eunmina_,in,,0,0,0,https://x.com/undefined/status/1992364929371046011,1253719224658178048,,aku si takutnya malah jd boomerang dalam hubungan ya ky malah jd bahan berantem terus krn selalu merasa tidak terpenuhi pdhl kan ya gada yg bisa mencintai kita dgn sepenuh cara kita ingin dicintai gmn rasa bersyukurnya aja cuma ya balik lagi takut jd boomerang
1992319788346155357,Sat Nov 22 19:50:27 +0000 2025,0,Masih kepikiran kikil nya ibu .. gimana cara bikin kikil terenak yang ibu bikin bisa ga sih di mimpi ibu kasij resep gitu ya Allah gregetan sampek ubek ubek resep lontong kikil loh,1992319788346155357,,,in,,0,0,0,https://x.com/undefined/status/1992319788346155357,874276395530067968,,masih kepikiran kikil nya ibu gimana cara bikin kikil terenak yang ibu bikin bisa ga sih di mimpi ibu kasij resep gitu ya allah gregetan sampek ubek ubek resep lontong kikil loh
1992272426961694991,Sat Nov 22 16:42:15 +0000 2025,0,CARA MEMBUAT DOYIK‍ Campurkan bahan isi dalam mangkuk besar campur daging tahu sayuran bawang putih minyak wijen kecap asin garam dan lada hingga rata. Isi dan lipat kulitnya sesuai selera. Kukus selama 8-10 menit. Hidangkan dengan saus celup. doyik siap dinikmati! &gt;_&lt; https://t.co/cVSIi6ka9F,1992272426961694991,https://pbs.twimg.com/media/G6X5NXTbcAEzlT0.jpg,,in,,0,1,0,https://x.com/undefined/status/1992272426961694991,1481167527065821187,,cara membuat doyik campurkan bahan isi dalam mangkuk besar campur daging tahu sayuran bawang putih minyak wijen kecap asin garam dan lada hingga rata isi dan lipat kulitnya sesuai selera kukus selama menit hidangkan dengan saus celup doyik siap dinikmati gt lt
1990737428370382930,Sat Nov 22 15:46:37 +0000 2025,0,@yucattora Luke menganggukkan kepala membenarkan ucapan Yura. Ia tidak pernah melihat bahan-bahan itu sebelumnya. Oh cokelatnya sudah meleleh! pun ia kembali melanjutkan tugasnya. Hal yang paling penuh trik adalah bagaimana cara agar cokelat yang dituang ke dalam ,1992258424961368334,,yucattora,in,,0,1,0,https://x.com/undefined/status/1992258424961368334,1293707802863480832,,luke menganggukkan kepala membenarkan ucapan yura ia tidak pernah melihat bahan bahan itu sebelumnya oh cokelatnya sudah meleleh pun ia kembali melanjutkan tugasnya hal yang paling penuh trik adalah bagaimana cara agar cokelat yang dituang ke dalam
1992238403979706583,Sat Nov 22 14:27:04 +0000 2025,0,kalian ada gasii misal dideketin ama orang and orang itu effort dari macem cara misal cara slalu cari bahan topik apa aja sampe effort gede tapi kalian kayak gayakin gitu pas udah orangnya cape/ ga tertarik lagi ama kalian kalian yang justru mulai tertarik krn dia udh gada?,1992238403979706583,,,in,,0,1,0,https://x.com/undefined/status/1992238403979706583,1962057310022549504,,kalian ada gasii misal dideketin ama orang and orang itu effort dari macem cara misal cara slalu cari bahan topik apa aja sampe effort gede tapi kalian kayak gayakin gitu pas udah orangnya cape ga tertarik lagi ama kalian kalian yang justru mulai tertarik krn dia udh gada
1992180827510444338,Sat Nov 22 12:47:08 +0000 2025,1,@sendoksome44 Tutorial cara buat nasgor (seadanya) pake rice cooker - masukin minyak (agak banyak) - goreng telor 2 biji (opsional) sampe mateng - masukin nasi - masukin bumbu racik nasi goreng secukupnya (ga endorse tapi kalo mau endorse boleh) - masukin kecap - aduk sampe mateng,1992213256270999824,,sendoksome44,in,,0,1,0,https://x.com/undefined/status/1992213256270999824,1369176140670148608,,tutorial cara buat nasgor seadanya pake rice cooker masukin minyak agak banyak goreng telor biji opsional sampe mateng masukin nasi masukin bumbu racik nasi goreng secukupnya ga endorse tapi kalo mau endorse boleh masukin kecap aduk sampe mateng
1991876815863046590,Sat Nov 22 11:31:26 +0000 2025,1,@ShiroHitsu98566 Metode orang2 beda2 sih bubb aku karena jg harus ngerjain komis sih jadinya setiap hari harus gambar. Mungkin klo utk cara lain bisa kek at least selesaiin 1 gambar perbulan gituu gaperlu yg bagus2 tp kek biar luwes sama bisa jadi bahan evaluasi mandiri buat improve bgituu,1992194204194476159,,ShiroHitsu98566,in,,0,1,0,https://x.com/undefined/status/1992194204194476159,1368552687994773505,,metode orang beda sih bubb aku karena jg harus ngerjain komis sih jadinya setiap hari harus gambar mungkin klo utk cara lain bisa kek at least selesaiin gambar perbulan gituu gaperlu yg bagus tp kek biar luwes sama bisa jadi bahan evaluasi mandiri buat improve bgituu
1992166083193868724,Sat Nov 22 09:40:27 +0000 2025,0,@Dorokng Hai! Ini resep pancake sederhana untuk 4-6 buah: Bahan: - 100g tepung terigu - 2 sdm gula pasir - 1 sdt baking powder - Sejumput garam - 1 butir telur - 150ml susu cair - 1 sdm margarin (lelehkan) Cara: 1. Campur tepung gula baking powder garam. 2. Kocok telur &amp; susu tambah,1992166275511177404,,Dorokng,in,,0,0,0,https://x.com/undefined/status/1992166275511177404,1720665183188922368,,hai ini resep pancake sederhana untuk buah bahan g tepung terigu sdm gula pasir sdt baking powder sejumput garam butir telur ml susu cair sdm margarin lelehkan cara campur tepung gula baking powder garam kocok telur amp susu tambah
1992166083193868724,Sat Nov 22 09:39:41 +0000 2025,0,hai @grok tolong bantu aku cara membuat pancaeke gimana resep nya,1992166083193868724,,,in,,0,1,0,https://x.com/undefined/status/1992166083193868724,790903530509008896,,hai tolong bantu aku cara membuat pancaeke gimana resep nya
1992100768745213990,Sat Nov 22 08:42:11 +0000 2025,0,@tanyarlfes tergantung cara ngolah dari masing-masing bahan terus juga mau dimasak gimana dulu. Tapi semua enakk kok kakk. Percaya deh. Luvv bgt sama pare dan daun pepaya?,1992151612014612938,,tanyarlfes,in,,0,0,0,https://x.com/undefined/status/1992151612014612938,3085932652,,tergantung cara ngolah dari masing masing bahan terus juga mau dimasak gimana dulu tapi semua enakk kok kakk percaya deh luvv bgt sama pare dan daun pepaya
1992119674675626239,Sat Nov 22 06:35:16 +0000 2025,0,Lowongan kerja di Distributor Bahan Bangunan Cirebon Info Persyaratan dan Cara Melamar klik link dibawah ini https://t.co/4gDi64Yh5h,1992119674675626239,,,in,,0,0,0,https://x.com/undefined/status/1992119674675626239,375425873,,lowongan kerja di distributor bahan bangunan cirebon info persyaratan dan cara melamar klik link dibawah ini
1992068188155314189,Sat Nov 22 03:25:35 +0000 2025,0,pas pulang kerumah bapak biasanya ngajarin aku masak.. ngasih tau nama2 bumbu &amp; takaran air buat masak nasi cara milih sayuran yg bagus bahkan cara nawar orang di pasar WKKWHSHAHA HOW CUTE WE AREE???,1992071937590501686,,ungaada,in,,0,1,0,https://x.com/undefined/status/1992071937590501686,1089846605732241409,,pas pulang kerumah bapak biasanya ngajarin aku masak ngasih tau nama bumbu amp takaran air buat masak nasi cara milih sayuran yg bagus bahkan cara nawar orang di pasar wkkwhshaha how cute we aree
1992068682059862104,Sat Nov 22 03:12:39 +0000 2025,0,orang di sini nih selalu ada cara bikin tweet harmless tuh jadi bahan gorengan ya,1992068682059862104,,,in,,0,0,0,https://x.com/undefined/status/1992068682059862104,1776829417140199424,,orang di sini nih selalu ada cara bikin tweet harmless tuh jadi bahan gorengan ya
1992055772956782620,Sat Nov 22 02:21:21 +0000 2025,0,Ngilang dengan cara gak berkomunikasi ke orang lain selain keluarga. Itu juga harus beneran topik penting kalau enggak ya tetap gak digubris biar mereka gak jadi bahan pelampiasan emosi,1992055772956782620,,,in,,0,0,0,https://x.com/undefined/status/1992055772956782620,1907754321573498880,,ngilang dengan cara gak berkomunikasi ke orang lain selain keluarga itu juga harus beneran topik penting kalau enggak ya tetap gak digubris biar mereka gak jadi bahan pelampiasan emosi
1992047697650647273,Sat Nov 22 01:49:16 +0000 2025,1,sedihnya lg jepang beli ikan sidat dr indo dgn harga murah diolah disana dan dibeli lg (unagi) oleh warga indo dgn harga jauh lebih mahal. kita ini kaya bahan olahan mentah tp gatau cara ngolahnya ntah itu permainan bandar ato gmn kurang ngerti.,1992047697650647273,,,in,,0,1,0,https://x.com/undefined/status/1992047697650647273,1145547398,,sedihnya lg jepang beli ikan sidat dr indo dgn harga murah diolah disana dan dibeli lg unagi oleh warga indo dgn harga jauh lebih mahal kita ini kaya bahan olahan mentah tp gatau cara ngolahnya ntah itu permainan bandar ato gmn kurang ngerti
1991840600304595247,Sat Nov 22 01:11:45 +0000 2025,0,@crumbbulunu spill resep dan cara nyaaa,1992038256855396816,,crumbbulunu,in,,0,0,0,https://x.com/undefined/status/1992038256855396816,1973173595028463616,,spill resep dan cara nyaaa
